EVE,YEAR,DATE,FLIGHT,FLIGHT_C,V_LENGTH,TIMELINE,BOAT_CODE,WS_CODE,BOAT_LENGTH,BOAT_DIST,BOAT_DROP,DROP_POSITION,BOAT_VIOLATE,BOAT_VIOLATE_DROP
22_E3,2022,13-Aug-22,13AUG22_F01,13AUG22_F01_P2,451,157,13AUG22_F01_P2_0157_B21,13AUG22_F01_P2_0157_S01,9.485,1.165,N/A,N/A,violate min dis,no violate drop off
22_E5,2022,13-Aug-22,13AUG22_F01,13AUG22_F01_P2,451,419,13AUG22_F01_P2_0419_B21,13AUG22_F01_P2_0419_S01,9.492,7.759,N/A,N/A,violate min dis,no violate drop off
22_E7,2022,13-Aug-22,13AUG22_F01,13AUG22_F01_P3,451,200,13AUG22_F01_P3_0200_B02,13AUG22_F01_P3_0200_S01,10.396,2.635,N/A,N/A,violate min dis,no violate drop off
22_E8,2022,13-Aug-22,13AUG22_F01,13AUG22_F01_P3,451,330,13AUG22_F01_P3_0330_B05,13AUG22_F01_P3_0330_S01,11.178,0,N/A,N/A,violate min dis,no violate drop off
22_E9,2022,13-Aug-22,13AUG22_F01,13AUG22_F01_P3,451,430,13AUG22_F01_P3_0430_B26,13AUG22_F01_P3_0430_S01,10.969,0,N/A,N/A,violate min dis,no violate drop off
22_E13,2022,13-Aug-22,13AUG22_F02,13AUG22_F02_P1,451,244,13AUG22_F02_P1_0244_B01,13AUG22_F02_P1_0244_S01,10.093,6.92,N/A,N/A,violate min dis,no violate drop off
22_E13,2022,13-Aug-22,13AUG22_F02,13AUG22_F02_P1,451,244,13AUG22_F02_P1_0244_B05,13AUG22_F02_P1_0244_S01,11.525,8.529,N/A,N/A,violate min dis,no violate drop off
22_E15,2022,13-Aug-22,13AUG22_F02,13AUG22_F02_P1,451,355,13AUG22_F02_P1_0355_B07,13AUG22_F02_P1_0355_S01,10.036,8.422,N/A,N/A,violate min dis,no violate drop off
22_E16,2022,13-Aug-22,13AUG22_F02,13AUG22_F02_P1,451,415,13AUG22_F02_P1_0415_B08,13AUG22_F02_P1_0415_S01,11.083,9.367,N/A,N/A,violate min dis,no violate drop off
22_E20,2022,13-Aug-22,13AUG22_F02,13AUG22_F02_P2,451,343,13AUG22_F02_P2_0343_B14,13AUG22_F02_P2_0343_S01,9.47,7.19,N/A,N/A,violate min dis,no violate drop off
22_E25,2022,13-Aug-22,13AUG22_F02,13AUG22_F02_P3,451,330,13AUG22_F02_P3_0330_B15,13AUG22_F02_P3_0330_S01,9.689,8.798,N/A,N/A,violate min dis,no violate drop off
22_E28,2022,13-Aug-22,13AUG22_F03,13AUG22_F03_P1,451,107,13AUG22_F03_P1_0107_B01,13AUG22_F03_P1_0107_S01,8.774,7.9,7.9,head,violate min dis,violate drop off
22_E29,2022,13-Aug-22,13AUG22_F03,13AUG22_F03_P1,451,153,13AUG22_F03_P1_0153_B03,13AUG22_F03_P1_0153_S01,10.299,16.382,16.382,head,no violate min dis,violate drop off
22_E30,2022,13-Aug-22,13AUG22_F03,13AUG22_F03_P1,451,207,13AUG22_F03_P1_0207_B03,13AUG22_F03_P1_0207_S01,11.204,10.54,N/A,N/A,violate min dis,no violate drop off
22_E31,2022,13-Aug-22,13AUG22_F03,13AUG22_F03_P1,451,219,13AUG22_F03_P1_0219_B08,13AUG22_F03_P1_0219_S02,11.676,0,N/A,N/A,violate min dis,no violate drop off
22_E32,2022,13-Aug-22,13AUG22_F03,13AUG22_F03_P1,451,256,13AUG22_F03_P1_0256_B08,13AUG22_F03_P1_0256_S02,9,2.671,N/A,N/A,violate min dis,no violate drop off
22_E33,2022,13-Aug-22,13AUG22_F03,13AUG22_F03_P1,451,410,13AUG22_F03_P1_0410_B03,13AUG22_F03_P1_0410_S02,9.794,0.92,N/A,N/A,violate min dis,no violate drop off
22_E37,2022,13-Aug-22,13AUG22_F03,13AUG22_F03_P2,451,340,13AUG22_F03_P2_0340_B01,13AUG22_F03_P2_0340_S01,7.917,1.463,1.463,side,violate min dis,violate drop off
22_E39,2022,13-Aug-22,13AUG22_F03,13AUG22_F03_P3,451,351,13AUG22_F03_P3_0351_B01,13AUG22_F03_P3_0351_S01,10.118,10.83,10.83,head,no violate min dis,violate drop off
22_E42,2022,13-Aug-22,13AUG22_F04,13AUG22_F04_P1,451,335,13AUG22_F04_P1_0335_B01,13AUG22_F04_P1_0335_S01,8.154,7.584,N/A,N/A,violate min dis,no violate drop off
22_E42,2022,13-Aug-22,13AUG22_F04,13AUG22_F04_P1,451,335,13AUG22_F04_P1_0335_B02,13AUG22_F04_P1_0335_S01,10.202,8.8,N/A,N/A,violate min dis,no violate drop off
22_E44,2022,13-Aug-22,13AUG22_F04,13AUG22_F04_P2,451,26,13AUG22_F04_P2_0026_B01,13AUG22_F04_P2_0026_S01,10.017,1.666,N/A,N/A,violate min dis,no violate drop off
22_E49,2022,13-Aug-22,13AUG22_F04,13AUG22_F04_P3,451,158,13AUG22_F04_P3_0158_B01,13AUG22_F04_P3_0158_S01,7.191,3.119,3.119,side,violate min dis,violate drop off
22_E52,2022,13-Aug-22,13AUG22_F04,13AUG22_F04_P3,451,447,13AUG22_F04_P3_0447_B01,13AUG22_F04_P3_0447_S01,7.483,28.614,28.614,head,no violate min dis,violate drop off
22_E55,2022,13-Aug-22,13AUG22_F06,13AUG22_F06_P1,451,221,13AUG22_F06_P1_0221_B01,13AUG22_F06_P1_0221_S01,9.554,6.859,6.859,head,violate min dis,violate drop off
22_E61,2022,13-Aug-22,13AUG22_F06,13AUG22_F06_P3,451,309,13AUG22_F06_P3_0309_B01,13AUG22_F06_P3_0309_S02,13.334,9.02,N/A,N/A,violate min dis,no violate drop off
22_E62,2022,13-Aug-22,13AUG22_F07,13AUG22_F07_P1,451,230,13AUG22_F07_P1_0230_B01,13AUG22_F07_P1_0230_S01,9.805,4.048,N/A,N/A,violate min dis,no violate drop off
22_E63,2022,13-Aug-22,13AUG22_F07,13AUG22_F07_P2,451,115,13AUG22_F07_P2_0115_B01,13AUG22_F07_P2_0115_S01,9.277,7.011,N/A,N/A,violate min dis,no violate drop off
22_E64,2022,13-Aug-22,13AUG22_F08,13AUG22_F08_P2,451,258,13AUG22_F08_P2_0258_B01,13AUG22_F08_P2_0258_S01,9,1.781,N/A,N/A,violate min dis,no violate drop off
22_E65,2022,13-Aug-22,13AUG22_F05,13AUG22_F05_P1,451,9,13AUG22_F05_P1_0009_B01,13AUG22_F05_P1_0009_S01,8.778,6.297,N/A,N/A,violate min dis,no violate drop off
22_E66,2022,13-Aug-22,13AUG22_F05,13AUG22_F05_P1,451,131,13AUG22_F05_P1_0131_B02,13AUG22_F05_P1_0131_S02,7.406,0.863,N/A,N/A,violate min dis,no violate drop off
22_E69,2022,13-Aug-22,13AUG22_F05,13AUG22_F05_P1,451,434,13AUG22_F05_P1_0434_B01,13AUG22_F05_P1_0434_S01,11.144,13.003,13.003,side,no violate min dis,violate drop off
22_E70,2022,13-Aug-22,13AUG22_F05,13AUG22_F05_P2,451,42,13AUG22_F05_P2_0042_B01,13AUG22_F05_P2_0042_S01,11.276,4.557,N/A,N/A,violate min dis,no violate drop off
22_E71,2022,13-Aug-22,13AUG22_F05,13AUG22_F05_P2,451,140,13AUG22_F05_P2_0140_B01,13AUG22_F05_P2_0140_S01,8.124,6.985,6.985,head,violate min dis,violate drop off
22_E73,2022,13-Aug-22,13AUG22_F05,13AUG22_F05_P2,451,403,13AUG22_F05_P2_0403_B01,13AUG22_F05_P2_0403_S01,10.164,15.451,15.451,side,no violate min dis,violate drop off
22_E75,2022,13-Aug-22,13AUG22_F05,13AUG22_F05_P3,451,128,13AUG22_F05_P3_0128_B01,13AUG22_F05_P3_0128_S01,9.395,7.768,7.768,head,violate min dis,violate drop off
22_E77,2022,13-Aug-22,13AUG22_F05,13AUG22_F05_P3,451,402,13AUG22_F05_P3_0402_B01,13AUG22_F05_P3_0402_S01,9.951,14.114,14.114,head,no violate min dis,violate drop off
22_E78,2022,13-Aug-22,13AUG22_F05,13AUG22_F05_P3,451,416,13AUG22_F05_P3_0416_B01,13AUG22_F05_P3_0416_S01,9.951,9.423,N/A,N/A,violate min dis,no violate drop off
22_E80,2022,14-Aug-22,14AUG22_F01,14AUG22_F01_P1,451,132,14AUG22_F01_P1_0132_B01,14AUG22_F01_P1_0132_S01,9.416,7.984,N/A,N/A,violate min dis,no violate drop off
22_E81,2022,14-Aug-23,14AUG22_F01,14AUG22_F01_P1,451,40,14AUG22_F01_P1_0040_B01,14AUG22_F01_P1_0040_S01,10.69,9.782,9.782,head,violate min dis,violate drop off
22_E81,2022,14-Aug-24,14AUG22_F01,14AUG22_F01_P1,451,40,14AUG22_F01_P1_0040_B02,14AUG22_F01_P1_0040_S01,9.247,5.559,N/A,N/A,violate min dis,no violate drop off
22_E82,2022,14-Aug-25,14AUG22_F01,14AUG22_F01_P1,451,55,14AUG22_F01_P1_0055_B01,14AUG22_F01_P1_0055_S01,10.905,5.667,N/A,N/A,violate min dis,no violate drop off
22_E83,2022,14-Aug-26,14AUG22_F01,14AUG22_F01_P1,451,155,14AUG22_F01_P1_0155_B01,14AUG22_F01_P1_0155_S01,9.068,0,N/A,N/A,violate min dis,no violate drop off
22_E83,2022,14-Aug-27,14AUG22_F01,14AUG22_F01_P1,451,155,14AUG22_F01_P1_0155_B02,14AUG22_F01_P1_0155_S01,8.412,4.969,4.969,N/A,violate min dis,violate drop off
22_E83,2022,14-Aug-28,14AUG22_F01,14AUG22_F01_P1,451,155,14AUG22_F01_P1_0155_B03,14AUG22_F01_P1_0155_S01,10.136,1.888,N/A,N/A,violate min dis,no violate drop off
22_E84,2022,14-Aug-29,14AUG22_F01,14AUG22_F01_P1,451,214,14AUG22_F01_P1_0214_B01,14AUG22_F01_P1_0214_S01,10.268,4.048,N/A,N/A,violate min dis,no violate drop off
22_E84,2022,14-Aug-30,14AUG22_F01,14AUG22_F01_P1,451,214,14AUG22_F01_P1_0214_B02,14AUG22_F01_P1_0214_S01,9.962,4.153,N/A,N/A,violate min dis,no violate drop off
22_E84,2022,14-Aug-31,14AUG22_F01,14AUG22_F01_P1,451,214,14AUG22_F01_P1_0214_B03,14AUG22_F01_P1_0214_S01,10.123,2.671,N/A,N/A,violate min dis,no violate drop off
22_E84,2022,14-Aug-32,14AUG22_F01,14AUG22_F01_P1,451,214,14AUG22_F01_P1_0214_B04,14AUG22_F01_P1_0214_S01,9.776,2.741,N/A,N/A,violate min dis,no violate drop off
22_E84,2022,14-Aug-33,14AUG22_F01,14AUG22_F01_P1,451,214,14AUG22_F01_P1_0214_B05,14AUG22_F01_P1_0214_S01,10.768,1.764,N/A,N/A,violate min dis,no violate drop off
22_E85,2022,14-Aug-34,14AUG22_F01,14AUG22_F01_P1,451,245,14AUG22_F01_P1_0245_B01,14AUG22_F01_P1_0245_S01,10.046,5.675,N/A,N/A,violate min dis,no violate drop off
22_E85,2022,14-Aug-35,14AUG22_F01,14AUG22_F01_P1,451,245,14AUG22_F01_P1_0245_B02,14AUG22_F01_P1_0245_S01,9.868,2.537,N/A,N/A,violate min dis,no violate drop off
22_E85,2022,14-Aug-36,14AUG22_F01,14AUG22_F01_P1,451,245,14AUG22_F01_P1_0245_B03,14AUG22_F01_P1_0245_S01,10.546,5.439,N/A,N/A,violate min dis,no violate drop off
22_E86,2022,14-Aug-37,14AUG22_F01,14AUG22_F01_P1,451,337,14AUG22_F01_P1_0337_B01,14AUG22_F01_P1_0337_S01,10.768,7.799,N/A,N/A,violate min dis,no violate drop off
22_E87,2022,14-Aug-38,14AUG22_F01,14AUG22_F01_P1,451,412,14AUG22_F01_P1_0412_B01,14AUG22_F01_P1_0412_S01,10.946,8.882,N/A,N/A,violate min dis,no violate drop off
22_E88,2022,14-Aug-39,14AUG22_F01,14AUG22_F01_P2,451,36,14AUG22_F01_P2_0036_B01,14AUG22_F01_P2_0036_S04,9,4.032,N/A,N/A,violate min dis,no violate drop off
22_E89,2022,14-Aug-22,14AUG22_F01,14AUG22_F01_P2,451,52,14AUG22_F01_P2_0052_B01,14AUG22_F01_P2_0052_S03,10.267,4.824,N/A,N/A,violate min dis,no violate drop off
22_E90,2022,14-Aug-22,14AUG22_F01,14AUG22_F01_P2,451,220,14AUG22_F01_P2_0220_B01,14AUG22_F01_P2_0220_S02,10.651,4.565,4.565,side,violate min dis,violate drop off
22_E91,2022,14-Aug-22,14AUG22_F01,14AUG22_F01_P2,451,333,14AUG22_F01_P2_0333_B01,14AUG22_F01_P2_0333_S01,8.891,3.565,N/A,N/A,violate min dis,no violate drop off
22_E91,2022,14-Aug-22,14AUG22_F01,14AUG22_F01_P2,451,333,14AUG22_F01_P2_0333_B02,14AUG22_F01_P2_0333_S01,9.019,5.229,N/A,N/A,violate min dis,no violate drop off
22_E92,2022,14-Aug-22,14AUG22_F01,14AUG22_F01_P2,451,410,14AUG22_F01_P2_0410_B01,14AUG22_F01_P2_0410_S03,8.218,5.003,N/A,N/A,violate min dis,no violate drop off
22_E93,2022,14-Aug-22,14AUG22_F01,14AUG22_F01_P2,451,438,14AUG22_F01_P2_0438_B01,14AUG22_F01_P2_0438_S02,9,8.463,N/A,N/A,violate min dis,no violate drop off
22_E94,2022,14-Aug-22,14AUG22_F01,14AUG22_F01_P3,451,108,14AUG22_F01_P3_0108_B01,14AUG22_F01_P3_0108_S02,11.515,2.826,N/A,N/A,violate min dis,no violate drop off
22_E94,2022,14-Aug-22,14AUG22_F01,14AUG22_F01_P3,451,108,14AUG22_F01_P3_0108_B02,14AUG22_F01_P3_0108_S02,10.824,9.214,N/A,N/A,violate min dis,no violate drop off
22_E95,2022,14-Aug-22,14AUG22_F01,14AUG22_F01_P3,451,224,14AUG22_F01_P3_0224_B01,14AUG22_F01_P3_0224_S01,11.332,6.472,N/A,N/A,violate min dis,no violate drop off
22_E96,2022,14-Aug-22,14AUG22_F01,14AUG22_F01_P3,451,322,14AUG22_F01_P3_0322_B01,14AUG22_F01_P3_0322_S02,10.733,9.567,N/A,N/A,violate min dis,no violate drop off
22_E97,2022,14-Aug-22,14AUG22_F01,14AUG22_F01_P3,451,406,14AUG22_F01_P3_0406_B01,14AUG22_F01_P3_0406_S01,9.971,4.64,N/A,N/A,violate min dis,no violate drop off
22_E98,2022,14-Aug-22,14AUG22_F01,14AUG22_F01_P4,107,42,14AUG22_F01_P4_0042_B01,14AUG22_F01_P4_0042_S02,10.08,1.9,N/A,N/A,violate min dis,no violate drop off
22_E98,2022,14-Aug-22,14AUG22_F01,14AUG22_F01_P4,107,42,14AUG22_F01_P4_0042_B02,14AUG22_F01_P4_0042_S01,10.577,2.595,N/A,N/A,violate min dis,no violate drop off
22_E98,2022,14-Aug-22,14AUG22_F01,14AUG22_F01_P4,107,42,14AUG22_F01_P4_0042_B03,14AUG22_F01_P4_0042_S01,10.458,7.108,N/A,N/A,violate min dis,no violate drop off
22_E99,2022,14-Aug-22,14AUG22_F01,14AUG22_F01_P4,57,28,14AUG22_F01_P4_0028_B01,14AUG22_F01_P4_0028_S01,10.291,5.234,N/A,N/A,violate min dis,no violate drop off
22_E99,2022,14-Aug-22,14AUG22_F01,14AUG22_F01_P4,57,28,14AUG22_F01_P4_0028_B02,14AUG22_F01_P4_0028_S02,9.127,7.962,N/A,N/A,violate min dis,no violate drop off
22_E100,2022,14-Aug-22,14AUG22_F02,14AUG22_F02_P1,451,115,14AUG22_F02_P1_0115_B01,14AUG22_F02_P1_0115_S01,8.921,3.639,3.639,side,violate min dis,violate drop off
22_E100,2022,14-Aug-22,14AUG22_F02,14AUG22_F02_P1,451,115,14AUG22_F02_P1_0115_B02,14AUG22_F02_P1_0115_S02,8.858,5.108,N/A,N/A,violate min dis,no violate drop off
22_E100,2022,14-Aug-22,14AUG22_F02,14AUG22_F02_P1,451,115,14AUG22_F02_P1_0115_B03,14AUG22_F02_P1_0115_S03,10.451,10.08,N/A,N/A,violate min dis,no violate drop off
22_E101,2022,14-Aug-22,14AUG22_F02,14AUG22_F02_P1,451,148,14AUG22_F02_P1_0148_B01,14AUG22_F02_P1_0148_S02,10.829,0,N/A,N/A,violate min dis,no violate drop off
22_E101,2022,14-Aug-22,14AUG22_F02,14AUG22_F02_P1,451,148,14AUG22_F02_P1_0148_B02,14AUG22_F02_P1_0148_S03,10.604,2.039,N/A,N/A,violate min dis,no violate drop off
22_E102,2022,14-Aug-22,14AUG22_F02,14AUG22_F02_P1,451,210,14AUG22_F02_P1_0210_B01,14AUG22_F02_P1_0210_S01,9.875,5.103,N/A,N/A,violate min dis,no violate drop off
22_E102,2022,14-Aug-22,14AUG22_F02,14AUG22_F02_P1,451,210,14AUG22_F02_P1_0210_B02,14AUG22_F02_P1_0210_S02,10.351,5.966,5.966,side,violate min dis,violate drop off
22_E102,2022,14-Aug-22,14AUG22_F02,14AUG22_F02_P1,451,210,14AUG22_F02_P1_0210_B03,14AUG22_F02_P1_0210_S03,8.891,1.12,N/A,N/A,violate min dis,no violate drop off
22_E103,2022,14-Aug-22,14AUG22_F02,14AUG22_F02_P1,451,246,14AUG22_F02_P1_0246_B01,14AUG22_F02_P1_0246_S01,10.23,4.561,N/A,N/A,violate min dis,no violate drop off
22_E103,2022,14-Aug-22,14AUG22_F02,14AUG22_F02_P1,451,246,14AUG22_F02_P1_0246_B02,14AUG22_F02_P1_0246_S03,9.913,6.034,N/A,N/A,violate min dis,no violate drop off
22_E104,2022,14-Aug-22,14AUG22_F02,14AUG22_F02_P1,451,320,14AUG22_F02_P1_0320_B01,14AUG22_F02_P1_0320_S01,10.93,2.605,N/A,N/A,violate min dis,no violate drop off
22_E104,2022,14-Aug-22,14AUG22_F02,14AUG22_F02_P1,451,320,14AUG22_F02_P1_0320_B02,14AUG22_F02_P1_0320_S02,10.132,1.725,N/A,N/A,violate min dis,no violate drop off
22_E105,2022,14-Aug-22,14AUG22_F02,14AUG22_F02_P1,451,414,14AUG22_F02_P1_0414_B01,14AUG22_F02_P1_0414_S01,11.02,0,N/A,N/A,violate min dis,no violate drop off
22_E106,2022,14-Aug-22,14AUG22_F02,14AUG22_F02_P2,451,20,14AUG22_F02_P2_0020_B01,14AUG22_F02_P2_0020_S01,9.441,5.524,5.524,head,violate min dis,violate drop off
22_E106,2022,14-Aug-22,14AUG22_F02,14AUG22_F02_P2,451,20,14AUG22_F02_P2_0020_B02,14AUG22_F02_P2_0020_S02,9.901,8.56,N/A,N/A,violate min dis,no violate drop off
22_E107,2022,14-Aug-22,14AUG22_F02,14AUG22_F02_P2,451,102,14AUG22_F02_P2_0102_B01,14AUG22_F02_P2_0102_S02,10.687,2.839,N/A,N/A,violate min dis,no violate drop off
22_E107,2022,14-Aug-22,14AUG22_F02,14AUG22_F02_P2,451,102,14AUG22_F02_P2_0102_B02,14AUG22_F02_P2_0102_S01,8.754,3.648,3.648,head,violate min dis,violate drop off
22_E107,2022,14-Aug-22,14AUG22_F02,14AUG22_F02_P2,451,102,14AUG22_F02_P2_0102_B03,14AUG22_F02_P2_0102_S01,9.249,5.069,N/A,N/A,violate min dis,no violate drop off
22_E107,2022,14-Aug-22,14AUG22_F02,14AUG22_F02_P2,451,102,14AUG22_F02_P2_0102_B04,14AUG22_F02_P2_0102_S03,8.634,7.69,N/A,N/A,violate min dis,no violate drop off
22_E108,2022,14-Aug-22,14AUG22_F02,14AUG22_F02_P2,451,156,14AUG22_F02_P2_0156_B01,14AUG22_F02_P2_0156_S03,9.698,9.401,N/A,N/A,violate min dis,no violate drop off
22_E108,2022,14-Aug-22,14AUG22_F02,14AUG22_F02_P2,451,156,14AUG22_F02_P2_0156_B02,14AUG22_F02_P2_0156_S04,10.598,7.529,N/A,N/A,violate min dis,no violate drop off
22_E109,2022,14-Aug-22,14AUG22_F02,14AUG22_F02_P2,451,308,14AUG22_F02_P2_0308_B01,14AUG22_F02_P2_0308_S03,10.814,1.264,N/A,N/A,violate min dis,no violate drop off
22_E109,2022,14-Aug-22,14AUG22_F02,14AUG22_F02_P2,451,308,14AUG22_F02_P2_0308_B02,14AUG22_F02_P2_0308_S02,11.301,10.47,N/A,N/A,violate min dis,no violate drop off
22_E109,2022,14-Aug-22,14AUG22_F02,14AUG22_F02_P2,451,308,14AUG22_F02_P2_0308_B03,14AUG22_F02_P2_0308_S02,10.483,8.276,N/A,N/A,violate min dis,no violate drop off
22_E110,2022,14-Aug-22,14AUG22_F02,14AUG22_F02_P2,451,337,14AUG22_F02_P2_0337_B01,14AUG22_F02_P2_0337_S01,9.569,7.419,N/A,N/A,violate min dis,no violate drop off
22_E110,2022,14-Aug-22,14AUG22_F02,14AUG22_F02_P2,451,337,14AUG22_F02_P2_0337_B02,14AUG22_F02_P2_0337_S02,10.248,6.381,N/A,N/A,violate min dis,no violate drop off
22_E112,2022,14-Aug-22,14AUG22_F02,14AUG22_F02_P3,451,108,14AUG22_F02_P3_0108_B01,14AUG22_F02_P3_0108_S02,8.569,2.039,N/A,N/A,violate min dis,no violate drop off
22_E112,2022,14-Aug-22,14AUG22_F02,14AUG22_F02_P3,451,108,14AUG22_F02_P3_0108_B02,14AUG22_F02_P3_0108_S03,8.699,3.251,N/A,N/A,violate min dis,no violate drop off
22_E113,2022,14-Aug-22,14AUG22_F02,14AUG22_F02_P3,451,138,14AUG22_F02_P3_0138_B01,14AUG22_F02_P3_0138_S01,9.685,6.907,6.907,head,violate min dis,violate drop off
22_E113,2022,14-Aug-22,14AUG22_F02,14AUG22_F02_P3,451,138,14AUG22_F02_P3_0138_B02,14AUG22_F02_P3_0138_S02,8.887,3.445,3.445,side,violate min dis,violate drop off
22_E113,2022,14-Aug-22,14AUG22_F02,14AUG22_F02_P3,451,138,14AUG22_F02_P3_0138_B03,14AUG22_F02_P3_0138_S02,9.534,5.678,N/A,N/A,violate min dis,no violate drop off
22_E113,2022,14-Aug-22,14AUG22_F02,14AUG22_F02_P3,451,138,14AUG22_F02_P3_0138_B04,14AUG22_F02_P3_0138_S04,9.878,2.436,N/A,N/A,violate min dis,no violate drop off
22_E114,2022,14-Aug-22,14AUG22_F02,14AUG22_F02_P3,451,239,14AUG22_F02_P3_0239_B01,14AUG22_F02_P3_0239_S03,9.957,3.996,N/A,N/A,violate min dis,no violate drop off
22_E115,2022,14-Aug-22,14AUG22_F02,14AUG22_F02_P3,451,336,14AUG22_F02_P3_0336_B01,14AUG22_F02_P3_0336_S01,10.247,4.976,N/A,N/A,violate min dis,no violate drop off
22_E115,2022,14-Aug-22,14AUG22_F02,14AUG22_F02_P3,451,336,14AUG22_F02_P3_0336_B02,14AUG22_F02_P3_0336_S01,10.216,2.175,N/A,N/A,violate min dis,no violate drop off
22_E116,2022,14-Aug-22,14AUG22_F02,14AUG22_F02_P3,451,412,14AUG22_F02_P3_0412_B01,14AUG22_F02_P3_0412_S01,9.631,6.195,N/A,N/A,violate min dis,no violate drop off
22_E116,2022,14-Aug-22,14AUG22_F02,14AUG22_F02_P3,451,412,14AUG22_F02_P3_0412_B02,14AUG22_F02_P3_0412_S01,10.409,6.947,N/A,N/A,violate min dis,no violate drop off
22_E116,2022,14-Aug-22,14AUG22_F02,14AUG22_F02_P3,451,412,14AUG22_F02_P3_0412_B03,14AUG22_F02_P3_0412_S04,10.762,9.323,9.323,head,violate min dis,violate drop off
22_E117,2022,14-Aug-22,14AUG22_F02,14AUG22_F02_P4,451,11,14AUG22_F02_P4_0011_B01,14AUG22_F02_P4_0011_S03,11.384,1.411,N/A,N/A,violate min dis,no violate drop off
22_E118,2022,14-Aug-22,14AUG22_F03,14AUG22_F03_P1,451,110,14AUG22_F03_P1_0110_B01,14AUG22_F03_P1_0110_S02,9.708,1.848,N/A,N/A,violate min dis,no violate drop off
22_E122,2022,14-Aug-22,14AUG22_F03,14AUG22_F03_P1,451,419,14AUG22_F03_P1_0419_B01,14AUG22_F03_P1_0419_S01,10.513,19.958,19.958,head,no violate min dis,violate drop off
22_E125,2022,14-Aug-22,14AUG22_F03,14AUG22_F03_P2,451,53,14AUG22_F03_P2_0053_B01,14AUG22_F03_P2_0053_S03,8.781,0.591,N/A,N/A,violate min dis,no violate drop off
22_E125,2022,14-Aug-22,14AUG22_F03,14AUG22_F03_P2,451,53,14AUG22_F03_P2_0053_B02,14AUG22_F03_P2_0053_S01,9.291,11.953,11.953,head,no violate min dis,violate drop off
22_E126,2022,14-Aug-22,14AUG22_F03,14AUG22_F03_P2,451,113,14AUG22_F03_P2_0113_B01,14AUG22_F03_P2_0113_S02,9.976,4.973,N/A,N/A,violate min dis,no violate drop off
22_E126,2022,14-Aug-22,14AUG22_F03,14AUG22_F03_P2,451,113,14AUG22_F03_P2_0113_B01,14AUG22_F03_P2_0113_S03,9.976,5.955,N/A,N/A,violate min dis,no violate drop off
22_E127,2022,14-Aug-22,14AUG22_F03,14AUG22_F03_P2,451,141,14AUG22_F03_P2_0141_B01,14AUG22_F03_P2_0141_S02,10.094,3.069,N/A,N/A,violate min dis,no violate drop off
22_E127,2022,14-Aug-22,14AUG22_F03,14AUG22_F03_P2,451,141,14AUG22_F03_P2_0141_B02,14AUG22_F03_P2_0141_S05,10.153,2.258,N/A,N/A,violate min dis,no violate drop off
22_E128,2022,14-Aug-22,14AUG22_F03,14AUG22_F03_P2,451,151,14AUG22_F03_P2_0151_B01,14AUG22_F03_P2_0151_S04,9.645,2.51,N/A,N/A,violate min dis,no violate drop off
22_E128,2022,14-Aug-22,14AUG22_F03,14AUG22_F03_P2,451,151,14AUG22_F03_P2_0151_B02,14AUG22_F03_P2_0151_S01,10.303,5.365,N/A,N/A,violate min dis,no violate drop off
22_E130,2022,14-Aug-22,14AUG22_F03,14AUG22_F03_P2,451,254,14AUG22_F03_P2_0221_B01,14AUG22_F03_P2_0221_S02,9.262,1.793,N/A,N/A,violate min dis,no violate drop off
22_E130,2022,14-Aug-22,14AUG22_F03,14AUG22_F03_P2,451,254,14AUG22_F03_P2_0221_B02,14AUG22_F03_P2_0221_S02,9.878,3.099,N/A,N/A,violate min dis,no violate drop off
22_E131,2022,14-Aug-22,14AUG22_F03,14AUG22_F03_P2,451,310,14AUG22_F03_P2_0310_B01,14AUG22_F03_P2_0310_S03,9.275,2.387,N/A,N/A,violate min dis,no violate drop off
22_E131,2022,14-Aug-22,14AUG22_F03,14AUG22_F03_P2,451,310,14AUG22_F03_P2_0310_B02,14AUG22_F03_P2_0310_S03,8.348,2.938,N/A,N/A,violate min dis,no violate drop off
22_E133,2022,14-Aug-22,14AUG22_F03,14AUG22_F03_P3,451,416,14AUG22_F03_P3_0416_B01,14AUG22_F03_P3_0416_S01,10.221,5.713,5.713,tail,violate min dis,violate drop off
22_E134,2022,14-Aug-22,14AUG22_F03,14AUG22_F03_P3,451,24,14AUG22_F03_P3_0024_B01,14AUG22_F03_P3_0024_S01,10.465,7.118,N/A,N/A,violate min dis,no violate drop off
22_E135,2022,14-Aug-22,14AUG22_F03,14AUG22_F03_P3,451,106,14AUG22_F03_P3_0106_B01,14AUG22_F03_P3_0106_S01,9.978,1.176,N/A,N/A,violate min dis,no violate drop off
22_E135,2022,14-Aug-22,14AUG22_F03,14AUG22_F03_P3,451,106,14AUG22_F03_P3_0106_B02,14AUG22_F03_P3_0106_S02,9.743,0.738,N/A,N/A,violate min dis,no violate drop off
22_E135,2022,14-Aug-22,14AUG22_F03,14AUG22_F03_P3,451,106,14AUG22_F03_P3_0106_B02,14AUG22_F03_P3_0106_S03,9.743,6.77,N/A,N/A,violate min dis,no violate drop off
22_E138,2022,14-Aug-22,14AUG22_F03,14AUG22_F03_P3,451,339,14AUG22_F03_P3_0339_B01,14AUG22_F03_P3_0339_S01,8.849,4.948,N/A,N/A,violate min dis,no violate drop off
22_E139,2022,14-Aug-22,14AUG22_F03,14AUG22_F03_P3,451,420,14AUG22_F03_P3_0420_B01,14AUG22_F03_P3_0339_S01,9.486,3.03,N/A,N/A,violate min dis,no violate drop off
22_E140,2022,14-Aug-22,14AUG22_F03,14AUG22_F03_P3,451,437,14AUG22_F03_P3_0437_B01,14AUG22_F03_P3_0437_S01,9.569,8.026,N/A,N/A,violate min dis,no violate drop off
22_E141,2022,14-Aug-22,14AUG22_F03,14AUG22_F03_P4,29,20,14AUG22_F03_P4_0020_B01,14AUG22_F03_P4_0020_S01,9.616,4.252,N/A,N/A,violate min dis,no violate drop off
22_E142,2022,14-Aug-22,14AUG22_F04,14AUG22_F04_P1,451,108,14AUG22_F04_P1_0108_B01,14AUG22_F04_P1_0108_S01,9.159,1.426,1.426,side,violate min dis,violate drop off
22_E143,2022,14-Aug-22,14AUG22_F04,14AUG22_F04_P1,451,154,14AUG22_F04_P1_0154_B01,14AUG22_F04_P1_0154_S01,9.159,7.436,N/A,N/A,violate min dis,no violate drop off
22_E143,2022,14-Aug-22,14AUG22_F04,14AUG22_F04_P1,451,154,14AUG22_F04_P1_0154_B02,14AUG22_F04_P1_0154_S01,10.137,19.046,19.046,head,no violate min dis,violate drop off
22_E144,2022,14-Aug-22,14AUG22_F04,14AUG22_F04_P1,451,247,14AUG22_F04_P1_0247_B01,14AUG22_F04_P1_0247_S01,9.932,21.081,21.081,head,no violate min dis,violate drop off
22_E146,2022,14-Aug-22,14AUG22_F04,14AUG22_F04_P2,451,334,14AUG22_F04_P2_0334_G01,14AUG22_F04_P2_0334_S01,8.95,10.735,10.735,head,no violate min dis,violate drop off
22_E148,2022,14-Aug-22,14AUG22_F04,14AUG22_F04_P3,451,312,14AUG22_F04_P3_0312_G01,14AUG22_F04_P3_0312_S01,10.483,19.423,19.423,tail,no violate min dis,violate drop off
22_E150,2022,14-Aug-22,14AUG22_F05,14AUG22_F05_P1,451,213,14AUG22_F05_P1_0213_B01,14AUG22_F05_P1_0213_S01,7.835,21.857,21.857,head,no violate min dis,violate drop off
22_E152,2022,14-Aug-22,14AUG22_F05,14AUG22_F05_P3,451,115,14AUG22_F05_P3_0115_B01,14AUG22_F05_P3_0115_S01,10.794,24.716,24.716,head,no violate min dis,violate drop off
22_E156,2022,15-Aug-22,15AUG22_F01,15AUG22_F01_P1,451,127,15AUG22_F01_P1_0127_B01,15AUG22_F01_P1_0127_S01,9.852,10.059,10.059,head,no violate min dis,violate drop off
22_E157,2022,15-Aug-22,15AUG22_F01,15AUG22_F01_P1,451,205,15AUG22_F01_P1_0205_B01,15AUG22_F01_P1_0205_S01,9.144,10.31,10.31,head,no violate min dis,violate drop off
22_E157,2022,15-Aug-22,15AUG22_F01,15AUG22_F01_P1,451,205,15AUG22_F01_P1_0205_B02,15AUG22_F01_P1_0205_S02,9.983,3.423,3.423,side,violate min dis,violate drop off
22_E159,2022,15-Aug-22,15AUG22_F01,15AUG22_F01_P2,451,132,15AUG22_F01_P2_0132_B01,15AUG22_F01_P2_0132_S02,10.026,0.999,N/A,N/A,violate min dis,no violate drop off
22_E159,2022,15-Aug-22,15AUG22_F01,15AUG22_F01_P2,451,132,15AUG22_F01_P2_0132_B03,15AUG22_F01_P2_0132_S01,10.601,11.678,11.678,head,no violate min dis,violate drop off
22_E160,2022,15-Aug-22,15AUG22_F01,15AUG22_F01_P2,451,158,15AUG22_F01_P2_0158_B01,15AUG22_F01_P2_0158_S01,10.63,3.871,N/A,N/A,violate min dis,no violate drop off
22_E163,2022,15-Aug-22,15AUG22_F01,15AUG22_F01_P3,451,121,15AUG22_F01_P3_0121_B04,15AUG22_F01_P3_0121_S02,9.629,14.476,14.476,head,no violate min dis,violate drop off
22_E165,2022,15-Aug-22,15AUG22_F01,15AUG22_F01_P3,451,230,15AUG22_F01_P3_0230_B02,15AUG22_F01_P3_0230_S01,9.023,4.586,N/A,N/A,violate min dis,no violate drop off
22_E166,2022,15-Aug-22,15AUG22_F01,15AUG22_F01_P3,451,428,15AUG22_F01_P3_0428_B02,15AUG22_F01_P3_0428_S02,10.492,7.17,N/A,N/A,violate min dis,no violate drop off
22_E166,2022,15-Aug-22,15AUG22_F01,15AUG22_F01_P3,451,428,15AUG22_F01_P3_0428_B03,15AUG22_F01_P3_0428_S02,9.144,6.285,N/A,N/A,violate min dis,no violate drop off
22_E167,2022,15-Aug-22,15AUG22_F01,15AUG22_F01_P4,451,5,15AUG22_F01_P4_0005_B01,15AUG22_F01_P4_0005_S01,10.154,5.157,N/A,N/A,violate min dis,no violate drop off
22_E167,2022,15-Aug-22,15AUG22_F01,15AUG22_F01_P4,451,5,15AUG22_F01_P4_0005_B02,15AUG22_F01_P4_0005_S03,10.2,10.232,10.232,head,no violate min dis,violate drop off
22_E167,2022,15-Aug-22,15AUG22_F01,15AUG22_F01_P4,451,5,15AUG22_F01_P4_0005_B04,15AUG22_F01_P4_0005_S02,9.49,4.018,N/A,N/A,violate min dis,no violate drop off
22_E168,2022,15-Aug-22,15AUG22_F01,15AUG22_F01_P4,451,24,15AUG22_F01_P4_0024_B02,15AUG22_F01_P4_0024_S02,9.937,4.745,N/A,N/A,violate min dis,no violate drop off
22_E168,2022,15-Aug-22,15AUG22_F01,15AUG22_F01_P4,451,24,15AUG22_F01_P4_0024_B03,15AUG22_F01_P4_0024_S03,8.783,3.98,N/A,N/A,violate min dis,no violate drop off
22_E171,2022,15-Aug-22,15AUG22_F02,15AUG22_F02_P1,451,50,15AUG22_F02_P1_0050_B01,15AUG22_F02_P1_0050_S01,10.878,8.585,N/A,N/A,violate min dis,no violate drop off
22_E174,2022,15-Aug-22,15AUG22_F02,15AUG22_F02_P1,451,330,15AUG22_F02_P1_0330_B01,15AUG22_F02_P1_0330_S01,10.314,6.209,N/A,N/A,violate min dis,no violate drop off
22_E175,2022,15-Aug-22,15AUG22_F02,15AUG22_F02_P1,451,429,15AUG22_F02_P1_0429_B01,15AUG22_F02_P1_0429_S01,10.487,6.44,N/A,N/A,violate min dis,no violate drop off
22_E177,2022,15-Aug-22,15AUG22_F02,15AUG22_F02_P2,451,146,15AUG22_F02_P2_0146_B01,15AUG22_F02_P2_0146_S01,9.486,8.436,N/A,N/A,violate min dis,no violate drop off
22_E179,2022,15-Aug-22,15AUG22_F02,15AUG22_F02_P2,451,417,15AUG22_F02_P2_0417_B01,15AUG22_F02_P2_0417_S03,9.505,10.492,10.492,head,no violate min dis,violate drop off
22_E180,2022,15-Aug-22,15AUG22_F02,15AUG22_F02_P3,451,10,15AUG22_F02_P3_0010_B01,15AUG22_F02_P3_0010_S01,10.396,6.641,N/A,N/A,violate min dis,no violate drop off
22_E180,2022,15-Aug-22,15AUG22_F02,15AUG22_F02_P3,451,10,15AUG22_F02_P3_0010_B02,15AUG22_F02_P3_0010_S02,10.193,3.364,N/A,N/A,violate min dis,no violate drop off
22_E181,2022,15-Aug-22,15AUG22_F02,15AUG22_F02_P3,451,43,15AUG22_F02_P3_0043_B01,15AUG22_F02_P3_0043_S01,10.698,0,N/A,N/A,violate min dis,no violate drop off
22_E181,2022,15-Aug-22,15AUG22_F02,15AUG22_F02_P3,451,43,15AUG22_F02_P3_0043_B02,15AUG22_F02_P3_0043_S02,9.595,7.915,N/A,N/A,violate min dis,no violate drop off
22_E182,2022,15-Aug-22,15AUG22_F02,15AUG22_F02_P3,451,144,15AUG22_F02_P3_0144_B01,15AUG22_F02_P3_0144_S02,8.842,8.716,N/A,N/A,violate min dis,no violate drop off
22_E182,2022,15-Aug-22,15AUG22_F02,15AUG22_F02_P3,451,144,15AUG22_F02_P3_0144_B02,15AUG22_F02_P3_0144_S04,9.62,5.537,N/A,N/A,violate min dis,no violate drop off
22_E182,2022,15-Aug-22,15AUG22_F02,15AUG22_F02_P3,451,144,15AUG22_F02_P3_0144_B05,15AUG22_F02_P3_0144_S04,10.429,6.319,N/A,N/A,violate min dis,no violate drop off
22_E182,2022,15-Aug-22,15AUG22_F02,15AUG22_F02_P3,451,144,15AUG22_F02_P3_0144_B03,15AUG22_F02_P3_0144_S01,9.551,6.659,N/A,N/A,violate min dis,no violate drop off
22_E182,2022,15-Aug-22,15AUG22_F02,15AUG22_F02_P3,451,144,15AUG22_F02_P3_0144_B04,15AUG22_F02_P3_0144_S01,10.057,5.794,N/A,N/A,violate min dis,no violate drop off
22_E183,2022,15-Aug-22,15AUG22_F02,15AUG22_F02_P3,451,219,15AUG22_F02_P3_0219_B01,15AUG22_F02_P3_0219_S03,10.604,0,N/A,N/A,violate min dis,no violate drop off
22_E183,2022,15-Aug-22,15AUG22_F02,15AUG22_F02_P3,451,219,15AUG22_F02_P3_0219_B02,15AUG22_F02_P3_0219_S04,10.914,6.714,N/A,N/A,violate min dis,no violate drop off
22_E187,2022,15-Aug-22,15AUG22_F02,15AUG22_F02_P3,451,437,15AUG22_F02_P3_0437_B01,15AUG22_F02_P3_0437_S01,8.703,6.973,6.973,head,violate min dis,violate drop off
22_E189,2022,15-Aug-22,15AUG22_F03,15AUG22_F03_P1,451,56,15AUG22_F03_P1_0056_B01,15AUG22_F03_P1_0056_S02,11.108,8.145,N/A,N/A,violate min dis,no violate drop off
22_E190,2022,15-Aug-22,15AUG22_F03,15AUG22_F03_P1,451,148,15AUG22_F03_P1_0148_B01,15AUG22_F03_P1_0148_S02,10.069,9.406,N/A,N/A,violate min dis,no violate drop off
22_E192,2022,15-Aug-22,15AUG22_F03,15AUG22_F03_P1,451,259,15AUG22_F03_P1_0259_B01,15AUG22_F03_P1_0259_S01,13.025,6.49,N/A,N/A,violate min dis,no violate drop off
22_E192,2022,15-Aug-22,15AUG22_F03,15AUG22_F03_P1,451,259,15AUG22_F03_P1_0259_B02,15AUG22_F03_P1_0259_S01,11.793,9.465,N/A,N/A,violate min dis,no violate drop off
22_E193,2022,15-Aug-22,15AUG22_F03,15AUG22_F03_P1,451,351,15AUG22_F03_P1_0351_B01,15AUG22_F03_P1_0351_S01,5.418,2.946,N/A,N/A,violate min dis,no violate drop off
22_E194,2022,15-Aug-22,15AUG22_F04,15AUG22_F04_P1,451,19,15AUG22_F04_P1_0019_B01,15AUG22_F04_P1_0019_S01,9.504,6.649,N/A,N/A,violate min dis,no violate drop off
22_E195,2022,15-Aug-22,15AUG22_F04,15AUG22_F04_P1,451,58,15AUG22_F04_P1_0058_B01,15AUG22_F04_P1_0058_S01,8.642,8.329,N/A,N/A,violate min dis,no violate drop off
22_E196,2022,15-Aug-22,15AUG22_F04,15AUG22_F04_P1,451,158,15AUG22_F04_P1_0158_B02,15AUG22_F04_P1_0158_S01,8.476,5.046,N/A,N/A,violate min dis,no violate drop off
22_E196,2022,15-Aug-22,15AUG22_F04,15AUG22_F04_P1,451,158,15AUG22_F04_P1_0158_B01,15AUG22_F04_P1_0158_S01,6.198,7.301,7.301,head,no violate min dis,violate drop off
22_E197,2022,15-Aug-22,15AUG22_F04,15AUG22_F04_P1,451,220,15AUG22_F04_P1_0220_B01,15AUG22_F04_P1_0220_S01,7.407,3.376,N/A,N/A,violate min dis,no violate drop off
22_E198,2022,15-Aug-22,15AUG22_F04,15AUG22_F04_P1,451,220,15AUG22_F04_P1_0220_B02,15AUG22_F04_P1_0220_S01,6.648,10.233,10.233,head,no violate min dis,violate drop off
22_E199,2022,15-Aug-22,15AUG22_F04,15AUG22_F04_P1,451,327,15AUG22_F04_P1_0327_B02,15AUG22_F04_P1_0327_S01,8.901,6.716,N/A,N/A,violate min dis,no violate drop off
22_E200,2022,15-Aug-22,15AUG22_F04,15AUG22_F04_P1,451,445,15AUG22_F04_P1_0445_B01,15AUG22_F04_P1_0445_S01,8.815,14.063,14.063,head,no violate min dis,violate drop off
22_E201,2022,15-Aug-22,15AUG22_F04,15AUG22_F04_P2,451,15,15AUG22_F04_P2_0015_B01,15AUG22_F04_P2_0015_S01,9.593,19.504,19.504,side,no violate min dis,violate drop off
22_E201,2022,15-Aug-22,15AUG22_F04,15AUG22_F04_P2,451,15,15AUG22_F04_P2_0015_B02,15AUG22_F04_P2_0015_S01,8.277,1.829,N/A,N/A,violate min dis,no violate drop off
22_E204,2022,15-Aug-22,15AUG22_F04,15AUG22_F04_P2,451,255,15AUG22_F04_P2_0255_B01,15AUG22_F04_P2_0255_S01,9.777,14.603,14.603,side,no violate min dis,violate drop off
22_E206,2022,15-Aug-22,15AUG22_F04,15AUG22_F04_P2,451,427,15AUG22_F04_P2_0427_B01,15AUG22_F04_P2_0427_S01,10.992,10.329,N/A,N/A,violate min dis,no violate drop off
22_E206,2022,15-Aug-22,15AUG22_F04,15AUG22_F04_P2,451,427,15AUG22_F04_P2_0427_B02,15AUG22_F04_P2_0427_S01,9.648,9.221,N/A,N/A,violate min dis,no violate drop off
22_E208,2022,15-Aug-22,15AUG22_F04,15AUG22_F04_P3,451,116,15AUG22_F04_P3_0116_B01,15AUG22_F04_P3_0116_S01,9.928,24.468,24.468,side,no violate min dis,violate drop off
22_E208,2022,15-Aug-22,15AUG22_F04,15AUG22_F04_P3,451,116,15AUG22_F04_P3_0116_B02,15AUG22_F04_P3_0116_S03,12.404,5.684,5.684,side,violate min dis,violate drop off
22_E209,2022,15-Aug-22,15AUG22_F04,15AUG22_F04_P3,451,134,15AUG22_F04_P3_0134_B01,15AUG22_F04_P3_0134_S01,13.821,12.557,N/A,N/A,violate min dis,no violate drop off
22_E209,2022,15-Aug-22,15AUG22_F04,15AUG22_F04_P3,451,134,15AUG22_F04_P3_0134_B02,15AUG22_F04_P3_0134_S01,14.49,7.327,N/A,N/A,violate min dis,no violate drop off
22_E209,2022,15-Aug-22,15AUG22_F04,15AUG22_F04_P3,451,134,15AUG22_F04_P3_0134_B03,15AUG22_F04_P3_0134_S02,12.791,11.587,11.587,head,violate min dis,violate drop off
22_E210,2022,15-Aug-22,15AUG22_F04,15AUG22_F04_P3,451,207,15AUG22_F04_P3_0207_B01,15AUG22_F04_P3_0207_S02,11.84,3.074,N/A,N/A,violate min dis,no violate drop off
22_E211,2022,15-Aug-22,15AUG22_F04,15AUG22_F04_P3,451,308,15AUG22_F04_P3_0308_B01,15AUG22_F04_P3_0308_S01,8.147,3.589,3.589,head,violate min dis,violate drop off
22_E216,2022,15-Aug-22,15AUG22_F05,15AUG22_F05_P1,451,217,15AUG22_F05_P1_0217_B01,15AUG22_F05_P1_0217_S01,10.177,16.937,16.937,head,no violate min dis,violate drop off
22_E217,2022,15-Aug-22,15AUG22_F05,15AUG22_F05_P1,451,252,15AUG22_F05_P1_0252_B01,15AUG22_F05_P1_0252_S01,9.062,8.524,N/A,N/A,violate min dis,no violate drop off
22_E217,2022,15-Aug-22,15AUG22_F05,15AUG22_F05_P1,451,252,15AUG22_F05_P1_0252_B02,15AUG22_F05_P1_0252_S01,8.908,15.234,15.234,head,no violate min dis,violate drop off
22_E218,2022,15-Aug-22,15AUG22_F05,15AUG22_F05_P1,451,324,15AUG22_F05_P1_0324_B01,15AUG22_F05_P1_0324_S01,10.429,4.114,N/A,N/A,violate min dis,no violate drop off
22_E218,2022,15-Aug-22,15AUG22_F05,15AUG22_F05_P1,451,324,15AUG22_F05_P1_0324_B02,15AUG22_F05_P1_0324_S01,11.393,6.818,N/A,N/A,violate min dis,no violate drop off
22_E219,2022,15-Aug-22,15AUG22_F05,15AUG22_F05_P1,451,436,15AUG22_F05_P1_0436_B01,15AUG22_F05_P1_0436_S01,10.68,3.31,N/A,N/A,violate min dis,no violate drop off
22_E219,2022,15-Aug-22,15AUG22_F05,15AUG22_F05_P1,451,436,15AUG22_F05_P1_0436_B02,15AUG22_F05_P1_0436_S01,9.194,6.957,N/A,N/A,violate min dis,no violate drop off
22_E220,2022,15-Aug-22,15AUG22_F05,15AUG22_F05_P2,451,17,15AUG22_F05_P2_0017_B01,15AUG22_F05_P2_0017_S01,11.393,7.664,N/A,N/A,violate min dis,no violate drop off
22_E220,2022,15-Aug-22,15AUG22_F05,15AUG22_F05_P2,451,17,15AUG22_F05_P2_0017_B02,15AUG22_F05_P2_0017_S01,10.227,2.634,N/A,N/A,violate min dis,no violate drop off
22_E221,2022,15-Aug-22,15AUG22_F05,15AUG22_F05_P2,451,51,15AUG22_F05_P2_0051_B01,15AUG22_F05_P2_0051_S01,9.422,10.864,10.864,side,no violate min dis,violate drop off
22_E222,2022,15-Aug-22,15AUG22_F05,15AUG22_F05_P2,451,150,15AUG22_F05_P2_0150_B01,15AUG22_F05_P2_0150_S01,10.573,2.08,N/A,N/A,violate min dis,no violate drop off
22_E225,2022,15-Aug-22,15AUG22_F05,15AUG22_F05_P2,451,438,15AUG22_F05_P2_0438_B01,15AUG22_F05_P2_0438_S01,10.221,8.252,N/A,N/A,violate min dis,no violate drop off
22_E228,2022,15-Aug-22,15AUG22_F05,15AUG22_F05_P3,451,214,15AUG22_F05_P3_0214_B01,15AUG22_F05_P3_0214_S01,10.451,7.385,N/A,N/A,violate min dis,no violate drop off
22_E228,2022,15-Aug-22,15AUG22_F05,15AUG22_F05_P3,451,214,15AUG22_F05_P3_0214_B03,15AUG22_F05_P3_0214_S02,10.805,9.966,N/A,N/A,violate min dis,no violate drop off
22_E228,2022,15-Aug-22,15AUG22_F05,15AUG22_F05_P3,451,214,15AUG22_F05_P3_0214_B04,15AUG22_F05_P3_0214_S02,11.113,10.264,N/A,N/A,violate min dis,no violate drop off
22_E229,2022,15-Aug-22,15AUG22_F05,15AUG22_F05_P3,451,322,15AUG22_F05_P3_0322_B01,15AUG22_F05_P3_0322_S01,10.481,11.441,11.441,head,no violate min dis,violate drop off
22_E229,2022,15-Aug-22,15AUG22_F05,15AUG22_F05_P3,451,322,15AUG22_F05_P3_0322_B02,15AUG22_F05_P3_0322_S01,8.922,18.895,18.895,head,no violate min dis,violate drop off
22_E233,2022,15-Aug-22,15AUG22_F06,15AUG22_F06_P1,451,205,15AUG22_F06_P1_0205_B01,15AUG22_F06_P1_0205_S01,11.237,8.477,N/A,N/A,violate min dis,no violate drop off
22_E233,2022,15-Aug-22,15AUG22_F06,15AUG22_F06_P1,451,205,15AUG22_F06_P1_0205_B02,15AUG22_F06_P1_0205_S02,10.636,5.964,N/A,N/A,violate min dis,no violate drop off
22_E237,2022,15-Aug-22,15AUG22_F06,15AUG22_F06_P2,451,434,15AUG22_F06_P2_0434_B01,15AUG22_F06_P2_0434_S01,9.349,8.317,N/A,N/A,violate min dis,no violate drop off
22_E239,2022,15-Aug-22,15AUG22_F06,15AUG22_F06_P3,451,136,15AUG22_F06_P3_0136_B01,15AUG22_F06_P3_0136_S01,9.425,8.943,N/A,N/A,violate min dis,no violate drop off
22_E241,2022,15-Aug-22,15AUG22_F06,15AUG22_F06_P3,451,352,15AUG22_F06_P3_0352_B02,15AUG22_F06_P3_0352_S02,9.833,2.156,2.156,tail,violate min dis,violate drop off
22_E241,2022,15-Aug-22,15AUG22_F06,15AUG22_F06_P3,451,352,15AUG22_F06_P3_0352_B03,15AUG22_F06_P3_0352_S02,9.846,6.213,N/A,N/A,violate min dis,no violate drop off
22_E241,2022,15-Aug-22,15AUG22_F06,15AUG22_F06_P3,451,352,15AUG22_F06_P3_0352_B04,15AUG22_F06_P3_0352_S02,10.539,11.375,11.375,head,no violate min dis,violate drop off
22_E242,2022,15-Aug-22,15AUG22_F06,15AUG22_F06_P3,451,449,15AUG22_F06_P3_0449_B01,15AUG22_F06_P3_0449_S01,9.074,7.799,N/A,N/A,violate min dis,no violate drop off
22_E242,2022,15-Aug-22,15AUG22_F06,15AUG22_F06_P3,451,449,15AUG22_F06_P3_0449_B01,15AUG22_F06_P3_0449_S02,9.074,5.09,N/A,N/A,violate min dis,no violate drop off
22_E243,2022,15-Aug-22,15AUG22_F07,15AUG22_F07_P3,451,14,15AUG22_F07_P3_0014_B01,15AUG22_F07_P3_0014_S01,8.852,5.043,N/A,N/A,violate min dis,no violate drop off
22_E243,2022,15-Aug-22,15AUG22_F07,15AUG22_F07_P3,451,14,15AUG22_F07_P3_0014_B02,15AUG22_F07_P3_0014_S01,8.687,6.086,N/A,N/A,violate min dis,no violate drop off
22_E243,2022,15-Aug-22,15AUG22_F07,15AUG22_F07_P3,451,14,15AUG22_F07_P3_0014_B02,15AUG22_F07_P3_0014_S02,8.687,4.119,N/A,N/A,violate min dis,no violate drop off
22_E244,2022,15-Aug-22,15AUG22_F07,15AUG22_F07_P3,451,201,15AUG22_F07_P3_0201_B01,15AUG22_F07_P3_0201_S01,8.806,5.492,N/A,N/A,violate min dis,no violate drop off
22_E246,2022,15-Aug-22,15AUG22_F07,15AUG22_F07_P3,451,425,15AUG22_F07_P3_0425_B01,15AUG22_F07_P3_0425_S01,9.349,8.416,N/A,N/A,violate min dis,no violate drop off
22_E247,2022,15-Aug-22,15AUG22_F07,15AUG22_F07_P4,29,8,15AUG22_F07_P4_0008_B01,15AUG22_F07_P4_0008_S02,8.59,8.751,N/A,N/A,no violate min dis,no violate drop off
22_E247,2022,15-Aug-22,15AUG22_F07,15AUG22_F07_P4,29,8,15AUG22_F07_P4_0008_B02,15AUG22_F07_P4_0008_S03,11.406,5.841,N/A,N/A,violate min dis,no violate drop off
22_E253,2022,15-Aug-22,15AUG22_F09,15AUG22_F09_P3,451,227,15AUG22_F09_P3_0227_B01,15AUG22_F09_P3_0227_S01,9.278,7.611,N/A,N/A,violate min dis,no violate drop off
22_E254,2022,15-Aug-22,15AUG22_F09,15AUG22_F09_P4,451,13,15AUG22_F09_P4_0013_B01,15AUG22_F09_P4_0013_S01,8.895,9.765,N/A,N/A,no violate min dis,no violate drop off
22_E255,2022,16-Aug-22,16AUG22_F01,16AUG22_F01_P1,451,30,16AUG22_F01_P1_0030_B01,16AUG22_F01_P1_0030_S01,12.041,10.391,N/A,N/A,violate min dis,no violate drop off
22_E256,2022,16-Aug-22,16AUG22_F01,16AUG22_F01_P1,451,56,16AUG22_F01_P1_0056_B01,16AUG22_F01_P1_0056_S01,10.038,7.231,N/A,N/A,violate min dis,no violate drop off
22_E256,2022,16-Aug-22,16AUG22_F01,16AUG22_F01_P1,451,56,16AUG22_F01_P1_0056_B02,16AUG22_F01_P1_0056_S02,11.94,5.985,N/A,N/A,violate min dis,no violate drop off
22_E257,2022,16-Aug-22,16AUG22_F01,16AUG22_F01_P1,451,221,16AUG22_F01_P1_0221_B02,16AUG22_F01_P1_0221_S03,9.627,3.125,N/A,N/A,violate min dis,no violate drop off
22_E260,2022,16-Aug-22,16AUG22_F01,16AUG22_F01_P2,451,222,16AUG22_F01_P2_0222_B01,16AUG22_F01_P2_0222_S01,10.429,8.926,N/A,N/A,violate min dis,no violate drop off
22_E261,2022,16-Aug-22,16AUG22_F01,16AUG22_F01_P2,451,302,16AUG22_F01_P2_0302_B01,16AUG22_F01_P2_0302_S01,10.429,8.148,N/A,N/A,violate min dis,no violate drop off
22_E262,2022,16-Aug-22,16AUG22_F01,16AUG22_F01_P2,451,417,16AUG22_F01_P2_0417_B01,16AUG22_F01_P2_0417_S03,12.118,11.667,N/A,N/A,violate min dis,no violate drop off
22_E263,2022,16-Aug-22,16AUG22_F01,16AUG22_F01_P2,451,447,16AUG22_F01_P2_0447_B01,16AUG22_F01_P2_0447_S05,9.53,1.412,N/A,N/A,violate min dis,no violate drop off
22_E264,2022,16-Aug-22,16AUG22_F01,16AUG22_F01_P3,451,21,16AUG22_F01_P3_0021_B01,16AUG22_F01_P3_0021_S02,10.245,9.808,N/A,N/A,violate min dis,no violate drop off
22_E264,2022,16-Aug-22,16AUG22_F01,16AUG22_F01_P3,451,21,16AUG22_F01_P3_0021_B02,16AUG22_F01_P3_0021_S02,10.847,8.648,N/A,N/A,violate min dis,no violate drop off
22_E266,2022,16-Aug-22,16AUG22_F01,16AUG22_F01_P3,451,232,16AUG22_F01_P3_0232_B01,16AUG22_F01_P3_0232_S03,10.907,5.656,N/A,N/A,violate min dis,no violate drop off
22_E266,2022,16-Aug-22,16AUG22_F01,16AUG22_F01_P3,451,232,16AUG22_F01_P3_0232_B02,16AUG22_F01_P3_0232_S04,9.967,8.13,N/A,N/A,violate min dis,no violate drop off
22_E266,2022,16-Aug-22,16AUG22_F01,16AUG22_F01_P3,451,232,16AUG22_F01_P3_0232_B03,16AUG22_F01_P3_0232_S08,10.351,6.667,N/A,N/A,violate min dis,no violate drop off
22_E266,2022,16-Aug-22,16AUG22_F01,16AUG22_F01_P3,451,232,16AUG22_F01_P3_0232_B04,16AUG22_F01_P3_0232_S08,11.145,5.824,N/A,N/A,violate min dis,no violate drop off
22_E266,2022,16-Aug-22,16AUG22_F01,16AUG22_F01_P3,451,232,16AUG22_F01_P3_0232_B05,16AUG22_F01_P3_0232_S07,9.634,6.628,N/A,N/A,violate min dis,no violate drop off
22_E267,2022,16-Aug-22,16AUG22_F01,16AUG22_F01_P3,451,322,16AUG22_F01_P3_0322_B02,16AUG22_F01_P3_0322_S02,10.246,5.009,N/A,N/A,violate min dis,no violate drop off
22_E267,2022,16-Aug-22,16AUG22_F01,16AUG22_F01_P3,451,322,16AUG22_F01_P3_0322_B02,16AUG22_F01_P3_0322_S03,10.246,5.905,N/A,N/A,violate min dis,no violate drop off
22_E268,2022,16-Aug-22,16AUG22_F01,16AUG22_F01_P3,451,420,16AUG22_F01_P3_0420_B01,16AUG22_F01_P3_0420_S02,10.204,5.386,N/A,N/A,violate min dis,no violate drop off
22_E268,2022,16-Aug-22,16AUG22_F01,16AUG22_F01_P3,451,420,16AUG22_F01_P3_0420_B02,16AUG22_F01_P3_0420_S03,10.521,4.813,N/A,N/A,violate min dis,no violate drop off
22_E268,2022,16-Aug-22,16AUG22_F01,16AUG22_F01_P3,451,420,16AUG22_F01_P3_0420_B02,16AUG22_F01_P3_0420_S04,10.521,7.93,N/A,N/A,violate min dis,no violate drop off
22_E269,2022,16-Aug-22,16AUG22_F01,16AUG22_F01_P4,29,13,16AUG22_F01_P4_0013_B01,16AUG22_F01_P4_0013_S03,10.919,7.617,N/A,N/A,violate min dis,no violate drop off
22_E269,2022,16-Aug-22,16AUG22_F01,16AUG22_F01_P4,29,13,16AUG22_F01_P4_0013_B02,16AUG22_F01_P4_0013_S04,10.615,4.575,N/A,N/A,violate min dis,no violate drop off
22_E269,2022,16-Aug-22,16AUG22_F01,16AUG22_F01_P4,29,13,16AUG22_F01_P4_0013_B02,16AUG22_F01_P4_0013_S05,10.615,2.775,N/A,N/A,violate min dis,no violate drop off
22_E270,2022,16-Aug-22,16AUG22_F01,16AUG22_F01_P4,29,27,16AUG22_F01_P4_0027_B01,16AUG22_F01_P4_0027_S01,11.163,7.814,N/A,N/A,violate min dis,no violate drop off
22_E271,2022,16-Aug-22,16AUG22_F02,16AUG22_F02_P1,451,5,16AUG22_F02_P1_0005_B01,16AUG22_F02_P1_0005_S01,11.918,4.816,N/A,N/A,violate min dis,no violate drop off
22_E272,2022,16-Aug-22,16AUG22_F02,16AUG22_F02_P1,451,38,16AUG22_F02_P1_0038_B01,16AUG22_F02_P1_0038_S02,12.152,1.557,N/A,N/A,violate min dis,no violate drop off
22_E274,2022,16-Aug-22,16AUG22_F02,16AUG22_F02_P1,451,220,16AUG22_F02_P1_0220_B01,16AUG22_F02_P1_0220_S01,10.968,10.65,N/A,N/A,violate min dis,no violate drop off
22_E274,2022,16-Aug-22,16AUG22_F02,16AUG22_F02_P1,451,220,16AUG22_F02_P1_0220_B02,16AUG22_F02_P1_0220_S02,10.701,7.398,N/A,N/A,violate min dis,no violate drop off
22_E275,2022,16-Aug-22,16AUG22_F02,16AUG22_F02_P1,451,340,16AUG22_F02_P1_0340_B01,16AUG22_F02_P1_0340_S01,11.527,5.764,N/A,N/A,violate min dis,no violate drop off
22_E275,2022,16-Aug-22,16AUG22_F02,16AUG22_F02_P1,451,340,16AUG22_F02_P1_0340_B02,16AUG22_F02_P1_0340_S01,11.409,12.167,12.167,head,no violate min dis,violate drop off
22_E275,2022,16-Aug-22,16AUG22_F02,16AUG22_F02_P1,451,340,16AUG22_F02_P1_0340_B04,16AUG22_F02_P1_0340_S03,10.679,9.009,N/A,N/A,violate min dis,no violate drop off
22_E276,2022,16-Aug-22,16AUG22_F02,16AUG22_F02_P1,451,409,16AUG22_F02_P1_0409_B01,16AUG22_F02_P1_0409_S02,10.833,10.803,N/A,N/A,violate min dis,no violate drop off
22_E276,2022,16-Aug-22,16AUG22_F02,16AUG22_F02_P1,451,409,16AUG22_F02_P1_0409_B02,16AUG22_F02_P1_0409_S01,11.606,7.822,N/A,N/A,violate min dis,no violate drop off
22_E277,2022,16-Aug-22,16AUG22_F02,16AUG22_F02_P2,451,21,16AUG22_F02_P2_0021_B01,16AUG22_F02_P2_0021_S02,12.077,8.702,N/A,N/A,violate min dis,no violate drop off
22_E278,2022,16-Aug-22,16AUG22_F02,16AUG22_F02_P2,451,57,16AUG22_F02_P2_0057_B01,16AUG22_F02_P2_0057_S01,10.249,7.124,7.124,side,violate min dis,violate drop off
22_E278,2022,16-Aug-22,16AUG22_F02,16AUG22_F02_P2,451,57,16AUG22_F02_P2_0057_B02,16AUG22_F02_P2_0057_S02,11.451,7.9,N/A,N/A,violate min dis,no violate drop off
22_E279,2022,16-Aug-22,16AUG22_F02,16AUG22_F02_P2,451,152,16AUG22_F02_P2_0152_B01,16AUG22_F02_P2_0152_S01,12.152,0,N/A,N/A,violate min dis,no violate drop off
22_E280,2022,16-Aug-22,16AUG22_F02,16AUG22_F02_P2,451,339,16AUG22_F02_P2_0339_B01,16AUG22_F02_P2_0339_S01,11.244,8.45,N/A,N/A,violate min dis,no violate drop off
22_E281,2022,16-Aug-22,16AUG22_F02,16AUG22_F02_P2,451,440,16AUG22_F02_P2_0440_B03,16AUG22_F02_P2_0440_S02,12.541,12.249,N/A,N/A,violate min dis,no violate drop off
22_E281,2022,16-Aug-22,16AUG22_F02,16AUG22_F02_P2,451,440,16AUG22_F02_P2_0440_B05,16AUG22_F02_P2_0440_S02,11.721,11.7,N/A,N/A,violate min dis,no violate drop off
22_E282,2022,16-Aug-22,16AUG22_F02,16AUG22_F02_P3,451,31,16AUG22_F02_P3_0031_B02,16AUG22_F02_P3_0031_S03,11.381,10.776,N/A,N/A,violate min dis,no violate drop off
22_E283,2022,16-Aug-22,16AUG22_F02,16AUG22_F02_P3,451,146,16AUG22_F02_P3_0146_B01,16AUG22_F02_P3_0146_S02,11.011,4.696,N/A,N/A,violate min dis,no violate drop off
22_E284,2022,16-Aug-22,16AUG22_F02,16AUG22_F02_P3,451,249,16AUG22_F02_P3_0249_B02,16AUG22_F02_P3_0249_S03,11.548,8.179,N/A,N/A,violate min dis,no violate drop off
22_E285,2022,16-Aug-22,16AUG22_F02,16AUG22_F02_P3,451,321,16AUG22_F02_P3_0321_B01,16AUG22_F02_P3_0321_S01,11.183,6.225,N/A,N/A,violate min dis,no violate drop off
22_E285,2022,16-Aug-22,16AUG22_F02,16AUG22_F02_P3,451,321,16AUG22_F02_P3_0321_B02,16AUG22_F02_P3_0321_S02,10.142,5.944,N/A,N/A,violate min dis,no violate drop off
22_E287,2022,16-Aug-22,16AUG22_F03,16AUG22_F03_P1,451,139,16AUG22_F03_P1_0139_B02,16AUG22_F03_P1_0139_S02,10.773,24.296,24.296,side,no violate min dis,violate drop off
22_E287,2022,16-Aug-22,16AUG22_F03,16AUG22_F03_P1,451,139,16AUG22_F03_P1_0139_B01,16AUG22_F03_P1_0139_S01,9.894,9.456,N/A,N/A,violate min dis,no violate drop off
22_E290,2022,16-Aug-22,16AUG22_F03,16AUG22_F03_P1,451,438,16AUG22_F03_P1_0438_B01,16AUG22_F03_P1_0438_S01,11.168,8.627,N/A,N/A,violate min dis,no violate drop off
22_E290,2022,16-Aug-22,16AUG22_F03,16AUG22_F03_P1,451,438,16AUG22_F03_P1_0438_B02,16AUG22_F03_P1_0438_S01,10.635,7.116,N/A,N/A,violate min dis,no violate drop off
22_E293,2022,16-Aug-22,16AUG22_F03,16AUG22_F03_P2,429,330,16AUG22_F03_P2_0330_B01,16AUG22_F03_P2_0330_S01,10.721,5.129,N/A,N/A,violate min dis,no violate drop off
22_E294,2022,16-Aug-22,16AUG22_F04,16AUG22_F04_P1,451,12,16AUG22_F04_P1_0012_B01,16AUG22_F04_P1_0012_S01,10.27,7.753,N/A,N/A,violate min dis,no violate drop off
22_E294,2022,16-Aug-22,16AUG22_F04,16AUG22_F04_P1,451,12,16AUG22_F04_P1_0012_B02,16AUG22_F04_P1_0012_S02,10.565,18.602,18.602,side,no violate min dis,violate drop off
22_E295,2022,16-Aug-22,16AUG22_F04,16AUG22_F04_P1,451,111,16AUG22_F04_P1_0111_B01,16AUG22_F04_P1_0111_S01,10.311,8.268,N/A,N/A,violate min dis,no violate drop off
22_E295,2022,16-Aug-22,16AUG22_F04,16AUG22_F04_P1,451,111,16AUG22_F04_P1_0111_B02,16AUG22_F04_P1_0111_S02,11.222,5.973,N/A,N/A,violate min dis,no violate drop off
22_E295,2022,16-Aug-22,16AUG22_F04,16AUG22_F04_P1,451,111,16AUG22_F04_P1_0111_B03,16AUG22_F04_P1_0111_S02,10.384,8.681,N/A,N/A,violate min dis,no violate drop off
22_E296,2022,16-Aug-22,16AUG22_F04,16AUG22_F04_P1,451,225,16AUG22_F04_P1_0225_B01,16AUG22_F04_P1_0225_S02,10.62,9.494,N/A,N/A,violate min dis,no violate drop off
22_E300,2022,16-Aug-22,16AUG22_F04,16AUG22_F04_P2,451,126,16AUG22_F04_P2_0126_B01,16AUG22_F04_P2_0126_S01,9.271,0.798,N/A,N/A,violate min dis,no violate drop off
22_E301,2022,16-Aug-22,16AUG22_F04,16AUG22_F04_P2,451,229,16AUG22_F04_P2_0229_B02,16AUG22_F04_P2_0229_S02,8.381,5.21,N/A,N/A,violate min dis,no violate drop off
22_E302,2022,16-Aug-22,16AUG22_F04,16AUG22_F04_P2,451,351,16AUG22_F04_P2_0351_B01,16AUG22_F04_P2_0351_S01,7.756,7.169,N/A,N/A,violate min dis,no violate drop off
22_E302,2022,16-Aug-22,16AUG22_F04,16AUG22_F04_P2,451,351,16AUG22_F04_P2_0351_B02,16AUG22_F04_P2_0351_S02,8.937,4.969,N/A,N/A,violate min dis,no violate drop off
22_E303,2022,16-Aug-22,16AUG22_F04,16AUG22_F04_P2,451,421,16AUG22_F04_P2_0421_B04,16AUG22_F04_P2_0421_S02,9.701,4.699,N/A,N/A,violate min dis,no violate drop off
22_E308,2022,16-Aug-22,16AUG22_F04,16AUG22_F04_P3,451,354,16AUG22_F04_P3_0354_B01,16AUG22_F04_P3_0354_S01,9.566,8.477,N/A,N/A,violate min dis,no violate drop off
22_E308,2022,16-Aug-22,16AUG22_F04,16AUG22_F04_P3,451,354,16AUG22_F04_P3_0354_B03,16AUG22_F04_P3_0354_S03,9.968,4.329,N/A,N/A,violate min dis,no violate drop off
22_E309,2022,16-Aug-22,16AUG22_F04,16AUG22_F04_P3,451,444,16AUG22_F04_P3_0444_B01,16AUG22_F04_P3_0444_S01,9,3.247,N/A,N/A,violate min dis,no violate drop off
22_E309,2022,16-Aug-22,16AUG22_F04,16AUG22_F04_P3,451,444,16AUG22_F04_P3_0444_B02,16AUG22_F04_P3_0444_S01,10.672,10.277,N/A,N/A,violate min dis,no violate drop off
22_E310,2022,16-Aug-22,16AUG22_F04,16AUG22_F04_P4,31,8,16AUG22_F04_P4_0008_B01,16AUG22_F04_P4_0008_S01,9.212,8.596,N/A,N/A,violate min dis,no violate drop off
22_E310,2022,16-Aug-22,16AUG22_F04,16AUG22_F04_P4,31,8,16AUG22_F04_P4_0008_B01,16AUG22_F04_P4_0008_S01,9.212,2.002,N/A,N/A,violate min dis,no violate drop off
22_E310,2022,16-Aug-22,16AUG22_F04,16AUG22_F04_P4,31,8,16AUG22_F04_P4_0008_B02,16AUG22_F04_P4_0008_S02,9.583,8.499,N/A,N/A,violate min dis,no violate drop off
22_E311,2022,16-Aug-22,16AUG22_F05,16AUG22_F05_P1,451,21,16AUG22_F05_P1_0021_B01,16AUG22_F05_P1_0021_S01,11.372,7.386,N/A,N/A,violate min dis,no violate drop off
22_E312,2022,16-Aug-22,16AUG22_F05,16AUG22_F05_P1,451,134,16AUG22_F05_P1_0134_B01,16AUG22_F05_P1_0134_S01,9.85,3.782,N/A,N/A,violate min dis,no violate drop off
22_E313,2022,16-Aug-22,16AUG22_F05,16AUG22_F05_P1,451,242,16AUG22_F05_P1_0242_B01,16AUG22_F05_P1_0242_S01,7.74,8.088,N/A,N/A,no violate min dis,no violate drop off
22_E316,2022,16-Aug-22,16AUG22_F05,16AUG22_F05_P2,451,204,16AUG22_F05_P2_0204_B01,16AUG22_F05_P2_0204_S02,9.145,5.633,N/A,N/A,violate min dis,no violate drop off
22_E321,2022,16-Aug-22,16AUG22_F06,16AUG22_F06_P1,451,234,16AUG22_F06_P1_0234_B01,16AUG22_F06_P1_0234_S01,12.482,9.636,N/A,N/A,violate min dis,no violate drop off
22_E328,2022,16-Aug-22,16AUG22_F07,16AUG22_F07_P1,451,346,16AUG22_F07_P1_0346_B01,16AUG22_F07_P1_0346_S01,14.799,20.305,20.305,side,no violate min dis,violate drop off
22_E329,2022,16-Aug-22,16AUG22_F07,16AUG22_F07_P2,451,136,16AUG22_F07_P2_0136_B01,16AUG22_F07_P2_0136_S01,11.593,17.413,17.413,side,no violate min dis,violate drop off
22_E330,2022,16-Aug-22,16AUG22_F07,16AUG22_F07_P2,451,312,16AUG22_F07_P2_0312_B01,16AUG22_F07_P2_0312_S01,11.969,10.685,N/A,N/A,violate min dis,no violate drop off
22_E332,2022,16-Aug-22,16AUG22_F07,16AUG22_F07_P4,28,12,16AUG22_F07_P4_0012_B01,16AUG22_F07_P4_0012_S01,11.169,9.38,N/A,N/A,violate min dis,no violate drop off
22_E334,2022,17-Aug-22,17AUG22_F01,17AUG22_F01_P1,451,139,17AUG22_F01_P1_0139_B01,17AUG22_F01_P1_0139_S01,11.487,13.355,13.355,head,no violate min dis,violate drop off
22_E336,2022,17-Aug-22,17AUG22_F01,17AUG22_F01_P1,451,347,17AUG22_F01_P1_0347_B01,17AUG22_F01_P1_0347_S01,9.045,8.781,N/A,N/A,violate min dis,no violate drop off
22_E337,2022,17-Aug-22,17AUG22_F01,17AUG22_F01_P2,451,19,17AUG22_F01_P2_0019_B02,17AUG22_F01_P2_0019_S01,9.739,18.306,18.306,side,no violate min dis,violate drop off
22_E342,2022,17-Aug-22,17AUG22_F01,17AUG22_F01_P3,451,13,17AUG22_F01_P3_0013_B01,17AUG22_F01_P3_0013_S01,10.675,2.895,N/A,N/A,violate min dis,no violate drop off
22_E344,2022,17-Aug-22,17AUG22_F01,17AUG22_F01_P3,451,246,17AUG22_F01_P3_0246_B01,17AUG22_F01_P3_0246_S01,11.487,7.594,N/A,N/A,violate min dis,no violate drop off
22_E345,2022,17-Aug-22,17AUG22_F01,17AUG22_F01_P3,451,415,17AUG22_F01_P3_0415_B01,17AUG22_F01_P3_0415_S01,9.912,0,0,head,violate min dis,violate drop off
22_E346,2022,17-Aug-22,17AUG22_F01,17AUG22_F01_P4,54,27,17AUG22_F01_P4_0027_B01,17AUG22_F01_P4_0027_S01,11.64,3.058,N/A,N/A,violate min dis,no violate drop off
22_E346,2022,17-Aug-22,17AUG22_F01,17AUG22_F01_P4,54,27,17AUG22_F01_P4_0027_B02,17AUG22_F01_P4_0027_S01,9.598,8.39,N/A,N/A,violate min dis,no violate drop off
22_E350,2022,17-Aug-22,17AUG22_F02,17AUG22_F02_P2,451,13,17AUG22_F02_P2_0013_B01,17AUG22_F02_P2_0013_S01,11.497,15.513,15.513,head,no violate min dis,violate drop off
22_E351,2022,17-Aug-22,17AUG22_F02,17AUG22_F02_P2,451,45,17AUG22_F02_P2_0045_B01,17AUG22_F02_P2_0045_S01,11.739,10.944,N/A,N/A,violate min dis,no violate drop off
22_E368,2022,17-Aug-22,17AUG22_F03,17AUG22_F03_P3,451,425,17AUG22_F03_P3_0425_B01,17AUG22_F03_P3_0425_S01,9.455,22.456,N/A,N/A,no violate min dis,no violate drop off
22_E374,2022,17-Aug-22,17AUG22_F04,17AUG22_F04_P2,451,340,17AUG22_F04_P2_0340_B01,17AUG22_F04_P2_0340_S01,11.044,10.398,N/A,N/A,violate min dis,no violate drop off
22_E380,2022,17-Aug-22,17AUG22_F05,17AUG22_F05_P3,451,241,17AUG22_F05_P3_0241_B01,17AUG22_F05_P3_0241_S01,9.911,8.939,N/A,N/A,violate min dis,no violate drop off
22_E384,2022,17-Aug-22,17AUG22_F06,17AUG22_F06_P3,451,134,17AUG22_F06_P3_0134_B01,17AUG22_F06_P3_0134_S01,12.121,10.178,N/A,N/A,violate min dis,no violate drop off